,DSFA,ht,arf
1,0.32013769363166955,0.6798623063683304,0.6712564543889845
2,0.3218588640275387,0.6781411359724613,0.6815834767641996
3,0.6781411359724613,0.6781411359724613,0.6884681583476764
4,0.6247848537005164,0.6247848537005164,0.6265060240963856
5,0.693631669535284,0.693631669535284,0.6712564543889845
6,0.6368330464716007,0.6265060240963856,0.6592082616179001
7,0.657487091222031,0.6523235800344234,0.6712564543889845
8,0.621342512908778,0.621342512908778,0.6368330464716007
9,0.6419965576592083,0.6419965576592083,0.6592082616179001
10,0.6678141135972461,0.6695352839931153,0.7039586919104991
11,0.6884681583476764,0.6884681583476764,0.6678141135972461
12,0.6695352839931153,0.6557659208261618,0.6970740103270223
13,0.6540447504302926,0.648881239242685,0.6678141135972461
14,0.693631669535284,0.6695352839931153,0.6712564543889845
15,0.693631669535284,0.7005163511187608,0.6660929432013769
16,0.6368330464716007,0.6609294320137694,0.6437177280550774
17,0.6265060240963856,0.7194492254733219,0.6695352839931153
18,0.6351118760757315,0.7039586919104991,0.6919104991394148
19,0.6609294320137694,0.693631669535284,0.6867469879518072
20,0.6592082616179001,0.693631669535284,0.6764199655765921
21,0.6953528399311532,0.7039586919104991,0.6919104991394148
22,0.6660929432013769,0.7108433734939759,0.7263339070567987
23,0.6901893287435457,0.7108433734939759,0.7039586919104991
24,0.6540447504302926,0.7452667814113597,0.6953528399311532
25,0.6316695352839932,0.7091222030981067,0.648881239242685
26,0.6471600688468159,0.7280550774526678,0.6884681583476764
27,0.6592082616179001,0.6901893287435457,0.685025817555938
28,0.6230636833046471,0.6764199655765921,0.6592082616179001
29,0.648881239242685,0.6798623063683304,0.6781411359724613
30,0.7022375215146299,0.7005163511187608,0.6987951807228916
31,0.7091222030981067,0.6953528399311532,0.6729776247848537
32,0.7228915662650602,0.6884681583476764,0.657487091222031
33,0.6626506024096386,0.6867469879518072,0.6798623063683304
34,0.7142857142857143,0.7435456110154905,0.7177280550774526
35,0.6919104991394148,0.6970740103270223,0.6833046471600689
36,0.685025817555938,0.6075731497418244,0.6695352839931153
37,0.7160068846815835,0.7177280550774526,0.6833046471600689
38,0.6316695352839932,0.7056798623063684,0.6695352839931153
39,0.6970740103270223,0.6970740103270223,0.6798623063683304
40,0.6523235800344234,0.7160068846815835,0.648881239242685
41,0.6729776247848537,0.7401032702237521,0.6867469879518072
42,0.693631669535284,0.7280550774526678,0.7125645438898451
43,0.6660929432013769,0.7349397590361446,0.6953528399311532
44,0.6660929432013769,0.7314974182444062,0.685025817555938
45,0.6660929432013769,0.6712564543889845,0.6729776247848537
46,0.6368330464716007,0.6729776247848537,0.6833046471600689
47,0.6626506024096386,0.7091222030981067,0.6626506024096386
48,0.6557659208261618,0.7108433734939759,0.6626506024096386
49,0.6385542168674698,0.6764199655765921,0.6764199655765921
50,0.6557659208261618,0.6953528399311532,0.6953528399311532
51,0.6867469879518072,0.7091222030981067,0.7263339070567987
52,0.6729776247848537,0.7435456110154905,0.6901893287435457
53,0.6385542168674698,0.7228915662650602,0.6385542168674698
54,0.6678141135972461,0.7246127366609294,0.6729776247848537
55,0.6867469879518072,0.6919104991394148,0.6592082616179001
56,0.7228915662650602,0.7487091222030982,0.6987951807228916
57,0.7263339070567987,0.6987951807228916,0.7005163511187608
58,0.7228915662650602,0.7263339070567987,0.6609294320137694
59,0.7074010327022375,0.7039586919104991,0.6523235800344234
60,0.7074010327022375,0.7280550774526678,0.6695352839931153
61,0.7228915662650602,0.7332185886402753,0.6987951807228916
62,0.7418244406196214,0.7401032702237521,0.6867469879518072
63,0.7349397590361446,0.7349397590361446,0.7383820998278829
64,0.7177280550774526,0.7074010327022375,0.6678141135972461
65,0.6953528399311532,0.6987951807228916,0.6953528399311532
66,0.7401032702237521,0.7521514629948365,0.7280550774526678
67,0.7074010327022375,0.729776247848537,0.7074010327022375
68,0.6833046471600689,0.7125645438898451,0.685025817555938
69,0.7383820998278829,0.7469879518072289,0.7211703958691911
70,0.6833046471600689,0.6919104991394148,0.6523235800344234
71,0.7280550774526678,0.7383820998278829,0.7005163511187608
72,0.6729776247848537,0.7142857142857143,0.6884681583476764
73,0.7056798623063684,0.7142857142857143,0.7160068846815835
74,0.7228915662650602,0.7091222030981067,0.6970740103270223
75,0.7177280550774526,0.7435456110154905,0.6919104991394148
76,0.7091222030981067,0.7349397590361446,0.685025817555938
77,0.7194492254733219,0.7521514629948365,0.7074010327022375
78,0.7177280550774526,0.7125645438898451,0.6919104991394148
79,0.7332185886402753,0.7177280550774526,0.7246127366609294
80,0.6987951807228916,0.7194492254733219,0.6987951807228916
81,0.7693631669535284,0.7332185886402753,0.7056798623063684
82,0.7280550774526678,0.7280550774526678,0.6643717728055077
83,0.7401032702237521,0.7108433734939759,0.6712564543889845
84,0.729776247848537,0.7573149741824441,0.7228915662650602
85,0.7108433734939759,0.7039586919104991,0.6781411359724613
86,0.7349397590361446,0.7538726333907056,0.6798623063683304
87,0.6919104991394148,0.7091222030981067,0.7091222030981067
88,0.7401032702237521,0.7314974182444062,0.7039586919104991
89,0.6970740103270223,0.6884681583476764,0.7039586919104991
90,0.7074010327022375,0.7056798623063684,0.6884681583476764
91,0.7160068846815835,0.7349397590361446,0.7194492254733219
92,0.7056798623063684,0.7108433734939759,0.6695352839931153
93,0.7332185886402753,0.7418244406196214,0.6798623063683304
94,0.7091222030981067,0.7177280550774526,0.6609294320137694
95,0.7142857142857143,0.7039586919104991,0.6557659208261618
96,0.7452667814113597,0.7160068846815835,0.6815834767641996
97,0.7332185886402753,0.7607573149741824,0.7314974182444062
98,0.7108433734939759,0.7332185886402753,0.6746987951807228
99,0.7314974182444062,0.7366609294320138,0.6798623063683304
100,0.7022375215146299,0.6884681583476764,0.6712564543889845
101,0.7487091222030982,0.7452667814113597,0.7056798623063684
102,0.7435456110154905,0.7194492254733219,0.7108433734939759
103,0.7142857142857143,0.7005163511187608,0.6746987951807228
104,0.7228915662650602,0.7194492254733219,0.7039586919104991
105,0.6987951807228916,0.7194492254733219,0.6901893287435457
106,0.7366609294320138,0.7504302925989673,0.7211703958691911
107,0.7160068846815835,0.7142857142857143,0.693631669535284
108,0.7160068846815835,0.7246127366609294,0.6798623063683304
109,0.7469879518072289,0.7177280550774526,0.7125645438898451
110,0.7160068846815835,0.6901893287435457,0.6867469879518072
111,0.6970740103270223,0.7142857142857143,0.6695352839931153
112,0.7142857142857143,0.7194492254733219,0.7039586919104991
113,0.7108433734939759,0.7280550774526678,0.7022375215146299
114,0.7263339070567987,0.7228915662650602,0.6746987951807228
115,0.7487091222030982,0.7228915662650602,0.6901893287435457
116,0.7125645438898451,0.7056798623063684,0.693631669535284
117,0.7314974182444062,0.7607573149741824,0.7228915662650602
118,0.7383820998278829,0.7211703958691911,0.7074010327022375
119,0.7573149741824441,0.7435456110154905,0.6987951807228916
120,0.7366609294320138,0.7091222030981067,0.6609294320137694
121,0.7452667814113597,0.7349397590361446,0.6781411359724613
122,0.7280550774526678,0.7091222030981067,0.7246127366609294
123,0.6901893287435457,0.6953528399311532,0.6678141135972461
124,0.7521514629948365,0.7383820998278829,0.7211703958691911
125,0.7418244406196214,0.7332185886402753,0.7056798623063684
126,0.7401032702237521,0.7538726333907056,0.7160068846815835
127,0.7487091222030982,0.7418244406196214,0.6901893287435457
128,0.7435456110154905,0.7332185886402753,0.7177280550774526
129,0.7349397590361446,0.7263339070567987,0.7074010327022375
130,0.7332185886402753,0.7487091222030982,0.7177280550774526
131,0.7366609294320138,0.7366609294320138,0.6678141135972461
132,0.7418244406196214,0.7487091222030982,0.6815834767641996
133,0.7590361445783133,0.7573149741824441,0.7211703958691911
134,0.7108433734939759,0.7280550774526678,0.6953528399311532
135,0.7177280550774526,0.7452667814113597,0.7005163511187608
136,0.7452667814113597,0.7538726333907056,0.6609294320137694
137,0.729776247848537,0.7074010327022375,0.7022375215146299
138,0.7005163511187608,0.7039586919104991,0.6609294320137694
139,0.7366609294320138,0.7349397590361446,0.6970740103270223
140,0.7091222030981067,0.7194492254733219,0.6781411359724613
141,0.7418244406196214,0.7142857142857143,0.7056798623063684
142,0.7452667814113597,0.7211703958691911,0.6884681583476764
143,0.7177280550774526,0.7521514629948365,0.6781411359724613
144,0.7504302925989673,0.7160068846815835,0.6833046471600689
145,0.729776247848537,0.693631669535284,0.6833046471600689
146,0.7228915662650602,0.7246127366609294,0.6798623063683304
147,0.7504302925989673,0.7383820998278829,0.6970740103270223
148,0.7263339070567987,0.7332185886402753,0.6798623063683304
149,0.7383820998278829,0.7160068846815835,0.6781411359724613
150,0.7332185886402753,0.7314974182444062,0.6919104991394148
151,0.7091222030981067,0.7108433734939759,0.685025817555938
152,0.774526678141136,0.7418244406196214,0.6729776247848537
153,0.7142857142857143,0.7418244406196214,0.7194492254733219
154,0.7401032702237521,0.7487091222030982,0.7142857142857143
155,0.7521514629948365,0.6919104991394148,0.7074010327022375
156,0.7521514629948365,0.7194492254733219,0.685025817555938
157,0.7435456110154905,0.7349397590361446,0.6919104991394148
158,0.7349397590361446,0.7366609294320138,0.6987951807228916
159,0.7401032702237521,0.7142857142857143,0.7211703958691911
160,0.7211703958691911,0.7211703958691911,0.6557659208261618
161,0.7228915662650602,0.7142857142857143,0.6523235800344234
162,0.7676419965576592,0.7641996557659209,0.7108433734939759
163,0.7401032702237521,0.7366609294320138,0.6781411359724613
164,0.7452667814113597,0.7452667814113597,0.7074010327022375
165,0.7108433734939759,0.6987951807228916,0.6798623063683304
166,0.7435456110154905,0.7125645438898451,0.6953528399311532
167,0.7401032702237521,0.7211703958691911,0.6833046471600689
168,0.7349397590361446,0.685025817555938,0.6970740103270223
169,0.729776247848537,0.7177280550774526,0.6884681583476764
170,0.7469879518072289,0.7194492254733219,0.6884681583476764
171,0.7590361445783133,0.7676419965576592,0.7091222030981067
172,0.7022375215146299,0.7125645438898451,0.6867469879518072
173,0.7160068846815835,0.7194492254733219,0.6867469879518072
174,0.7607573149741824,0.7418244406196214,0.7091222030981067
175,0.7452667814113597,0.7383820998278829,0.7228915662650602
176,0.7487091222030982,0.7108433734939759,0.6798623063683304
177,0.7177280550774526,0.7555938037865749,0.7074010327022375
178,0.7246127366609294,0.7349397590361446,0.6729776247848537
179,0.7332185886402753,0.7418244406196214,0.6626506024096386
180,0.7418244406196214,0.7332185886402753,0.6970740103270223
181,0.7228915662650602,0.7435456110154905,0.7125645438898451
182,0.7194492254733219,0.7091222030981067,0.685025817555938
183,0.7280550774526678,0.7332185886402753,0.6953528399311532
184,0.7211703958691911,0.7142857142857143,0.6798623063683304
185,0.7108433734939759,0.729776247848537,0.6781411359724613
186,0.7934595524956971,0.7573149741824441,0.7280550774526678
187,0.7211703958691911,0.7383820998278829,0.7022375215146299
188,0.693631669535284,0.7211703958691911,0.6884681583476764
189,0.729776247848537,0.7521514629948365,0.6919104991394148
190,0.7401032702237521,0.7452667814113597,0.6833046471600689
191,0.7263339070567987,0.6987951807228916,0.6316695352839932
192,0.7314974182444062,0.7263339070567987,0.6815834767641996
193,0.7693631669535284,0.7676419965576592,0.7246127366609294
194,0.7160068846815835,0.7005163511187608,0.7194492254733219
195,0.7469879518072289,0.7142857142857143,0.6867469879518072
196,0.774526678141136,0.7383820998278829,0.7108433734939759
197,0.7607573149741824,0.7573149741824441,0.6987951807228916
198,0.7401032702237521,0.7555938037865749,0.6953528399311532
199,0.774526678141136,0.7452667814113597,0.7074010327022375
200,0.7280550774526678,0.7469879518072289,0.7005163511187608
201,0.7314974182444062,0.7487091222030982,0.6729776247848537
202,0.7366609294320138,0.7521514629948365,0.7125645438898451
203,0.7693631669535284,0.76592082616179,0.6798623063683304
204,0.7228915662650602,0.7435456110154905,0.6833046471600689
205,0.7314974182444062,0.7452667814113597,0.7091222030981067
206,0.7728055077452668,0.7728055077452668,0.7108433734939759
207,0.7228915662650602,0.7590361445783133,0.685025817555938
208,0.7452667814113597,0.7504302925989673,0.6781411359724613
209,0.7900172117039587,0.7555938037865749,0.6919104991394148
210,0.774526678141136,0.7607573149741824,0.7056798623063684
211,0.7607573149741824,0.7401032702237521,0.6919104991394148
212,0.7693631669535284,0.7779690189328744,0.7091222030981067
213,0.729776247848537,0.7177280550774526,0.6746987951807228
214,0.7728055077452668,0.7487091222030982,0.7091222030981067
215,0.7762478485370051,0.7332185886402753,0.6746987951807228
216,0.7452667814113597,0.7504302925989673,0.6987951807228916
217,0.7641996557659209,0.7504302925989673,0.7005163511187608
218,0.774526678141136,0.7435456110154905,0.6919104991394148
219,0.7607573149741824,0.7469879518072289,0.6901893287435457
220,0.7573149741824441,0.76592082616179,0.6953528399311532
221,0.7211703958691911,0.7607573149741824,0.6764199655765921
222,0.7814113597246127,0.7831325301204819,0.7314974182444062
223,0.7590361445783133,0.7624784853700516,0.6970740103270223
224,0.7177280550774526,0.7263339070567987,0.6678141135972461
225,0.7487091222030982,0.7607573149741824,0.6815834767641996
226,0.7401032702237521,0.7521514629948365,0.6781411359724613
227,0.7435456110154905,0.7383820998278829,0.6746987951807228
228,0.7435456110154905,0.7504302925989673,0.685025817555938
229,0.7418244406196214,0.7280550774526678,0.6884681583476764
230,0.7624784853700516,0.7573149741824441,0.7056798623063684
231,0.7538726333907056,0.7555938037865749,0.6781411359724613
232,0.7573149741824441,0.7521514629948365,0.6643717728055077
233,0.7693631669535284,0.76592082616179,0.6764199655765921
234,0.7435456110154905,0.7573149741824441,0.6746987951807228
235,0.7091222030981067,0.7125645438898451,0.6626506024096386
236,0.7710843373493976,0.7418244406196214,0.7091222030981067
237,0.7779690189328744,0.7590361445783133,0.7091222030981067
238,0.729776247848537,0.7435456110154905,0.685025817555938
239,0.7728055077452668,0.7710843373493976,0.6815834767641996
240,0.7452667814113597,0.7487091222030982,0.6815834767641996
241,0.7641996557659209,0.7487091222030982,0.693631669535284
242,0.7211703958691911,0.7366609294320138,0.6746987951807228
243,0.7280550774526678,0.7349397590361446,0.6901893287435457
244,0.7710843373493976,0.7452667814113597,0.6970740103270223
245,0.76592082616179,0.7693631669535284,0.7108433734939759
246,0.7624784853700516,0.7573149741824441,0.6987951807228916
247,0.7865748709122203,0.7676419965576592,0.6884681583476764
248,0.76592082616179,0.7779690189328744,0.6884681583476764
249,0.7469879518072289,0.7194492254733219,0.6953528399311532
250,0.7435456110154905,0.7469879518072289,0.6815834767641996
251,0.7917383820998278,0.802065404475043,0.7401032702237521
252,0.7487091222030982,0.7332185886402753,0.6884681583476764
253,0.7624784853700516,0.7487091222030982,0.7160068846815835
254,0.7900172117039587,0.7710843373493976,0.693631669535284
255,0.7555938037865749,0.7607573149741824,0.6592082616179001
256,0.7418244406196214,0.7452667814113597,0.6643717728055077
257,0.7762478485370051,0.7710843373493976,0.7142857142857143
258,0.7366609294320138,0.7469879518072289,0.6660929432013769
259,0.7641996557659209,0.7590361445783133,0.6901893287435457
260,0.729776247848537,0.7314974182444062,0.6815834767641996
261,0.7934595524956971,0.7848537005163512,0.6678141135972461
262,0.7934595524956971,0.7969018932874354,0.7194492254733219
263,0.7848537005163512,0.7728055077452668,0.7332185886402753
264,0.7555938037865749,0.76592082616179,0.7091222030981067
265,0.7452667814113597,0.7418244406196214,0.693631669535284
266,0.76592082616179,0.7521514629948365,0.6867469879518072
267,0.7555938037865749,0.7469879518072289,0.6901893287435457
268,0.7814113597246127,0.7917383820998278,0.6884681583476764
269,0.7917383820998278,0.7521514629948365,0.7091222030981067
270,0.7969018932874354,0.7710843373493976,0.7056798623063684
271,0.7693631669535284,0.7452667814113597,0.6626506024096386
272,0.76592082616179,0.7676419965576592,0.7074010327022375
273,0.7401032702237521,0.7504302925989673,0.7314974182444062
274,0.7624784853700516,0.7435456110154905,0.6592082616179001
275,0.7796901893287436,0.7435456110154905,0.6867469879518072
276,0.7641996557659209,0.7452667814113597,0.6746987951807228
277,0.7728055077452668,0.7624784853700516,0.7108433734939759
278,0.7401032702237521,0.7641996557659209,0.6678141135972461
279,0.7693631669535284,0.774526678141136,0.7056798623063684
280,0.7710843373493976,0.7573149741824441,0.7177280550774526
281,0.7487091222030982,0.7469879518072289,0.6833046471600689
282,0.7779690189328744,0.774526678141136,0.685025817555938
283,0.774526678141136,0.7555938037865749,0.7263339070567987
284,0.76592082616179,0.76592082616179,0.6781411359724613
285,0.7521514629948365,0.7435456110154905,0.6919104991394148
286,0.8072289156626506,0.7951807228915663,0.7160068846815835
287,0.774526678141136,0.7728055077452668,0.7039586919104991
288,0.7383820998278829,0.7590361445783133,0.6643717728055077
289,0.729776247848537,0.7487091222030982,0.6781411359724613
290,0.7538726333907056,0.7573149741824441,0.6712564543889845
291,0.7504302925989673,0.729776247848537,0.6695352839931153
292,0.7900172117039587,0.7779690189328744,0.685025817555938
293,0.76592082616179,0.7383820998278829,0.6884681583476764
294,0.7676419965576592,0.7366609294320138,0.6987951807228916
295,0.7641996557659209,0.7487091222030982,0.7125645438898451
296,0.7469879518072289,0.7469879518072289,0.6643717728055077
297,0.7607573149741824,0.7263339070567987,0.7039586919104991
298,0.7280550774526678,0.7314974182444062,0.6626506024096386
299,0.7779690189328744,0.7693631669535284,0.6987951807228916
300,0.7693631669535284,0.7487091222030982,0.6970740103270223
301,0.7986230636833046,0.7762478485370051,0.7263339070567987
302,0.7986230636833046,0.7917383820998278,0.6970740103270223
303,0.7573149741824441,0.7383820998278829,0.6781411359724613
304,0.7538726333907056,0.7263339070567987,0.6402753872633391
305,0.7676419965576592,0.7504302925989673,0.6901893287435457
306,0.7865748709122203,0.7280550774526678,0.6970740103270223
307,0.8089500860585198,0.7814113597246127,0.6901893287435457
308,0.7831325301204819,0.76592082616179,0.7194492254733219
309,0.7882960413080895,0.7693631669535284,0.6764199655765921
310,0.774526678141136,0.7607573149741824,0.7091222030981067
311,0.7865748709122203,0.7796901893287436,0.7160068846815835
312,0.8141135972461274,0.8123924268502581,0.7211703958691911
313,0.7848537005163512,0.7917383820998278,0.6953528399311532
314,0.7917383820998278,0.7641996557659209,0.7194492254733219
315,0.7917383820998278,0.7951807228915663,0.7039586919104991
316,0.7676419965576592,0.7607573149741824,0.7142857142857143
317,0.7762478485370051,0.7555938037865749,0.6884681583476764
318,0.7762478485370051,0.7917383820998278,0.6833046471600689
319,0.7917383820998278,0.8037865748709122,0.7142857142857143
320,0.7796901893287436,0.802065404475043,0.7125645438898451
321,0.7641996557659209,0.7469879518072289,0.6437177280550774
322,0.7728055077452668,0.7796901893287436,0.6815834767641996
323,0.7969018932874354,0.7555938037865749,0.6833046471600689
324,0.7728055077452668,0.7762478485370051,0.7005163511187608
325,0.7607573149741824,0.7452667814113597,0.6678141135972461
326,0.7693631669535284,0.7848537005163512,0.6867469879518072
327,0.7848537005163512,0.7934595524956971,0.7108433734939759
328,0.8037865748709122,0.7573149741824441,0.7177280550774526
329,0.7624784853700516,0.7676419965576592,0.685025817555938
330,0.7641996557659209,0.7469879518072289,0.7022375215146299
331,0.8003442340791739,0.7951807228915663,0.7332185886402753
332,0.8089500860585198,0.8003442340791739,0.7177280550774526
333,0.7951807228915663,0.8003442340791739,0.7005163511187608
334,0.7951807228915663,0.7779690189328744,0.7194492254733219
335,0.7865748709122203,0.7728055077452668,0.7022375215146299
336,0.7917383820998278,0.8158347676419966,0.7022375215146299
337,0.7590361445783133,0.7487091222030982,0.6781411359724613
338,0.7641996557659209,0.7762478485370051,0.6987951807228916
339,0.76592082616179,0.7796901893287436,0.685025817555938
340,0.7814113597246127,0.7676419965576592,0.6901893287435457
341,0.7900172117039587,0.7624784853700516,0.7228915662650602
342,0.7831325301204819,0.7934595524956971,0.7074010327022375
343,0.7796901893287436,0.76592082616179,0.6798623063683304
344,0.7951807228915663,0.7865748709122203,0.693631669535284
345,0.7624784853700516,0.7796901893287436,0.6781411359724613
346,0.7917383820998278,0.7848537005163512,0.7022375215146299
347,0.7917383820998278,0.7504302925989673,0.7091222030981067
348,0.774526678141136,0.7469879518072289,0.6884681583476764
349,0.802065404475043,0.7676419965576592,0.685025817555938
350,0.7917383820998278,0.7796901893287436,0.7091222030981067
351,0.8158347676419966,0.7762478485370051,0.693631669535284
352,0.7831325301204819,0.7779690189328744,0.7056798623063684
353,0.7969018932874354,0.8055077452667814,0.7091222030981067
354,0.7796901893287436,0.7728055077452668,0.7108433734939759
355,0.7900172117039587,0.7917383820998278,0.6919104991394148
356,0.7728055077452668,0.7641996557659209,0.685025817555938
357,0.7917383820998278,0.7693631669535284,0.7314974182444062
358,0.8037865748709122,0.7882960413080895,0.6953528399311532
359,0.8003442340791739,0.7710843373493976,0.7452667814113597
360,0.7831325301204819,0.7779690189328744,0.7056798623063684
361,0.8123924268502581,0.7951807228915663,0.7056798623063684
362,0.774526678141136,0.7814113597246127,0.6660929432013769
363,0.7848537005163512,0.7779690189328744,0.7280550774526678
364,0.7900172117039587,0.7676419965576592,0.6729776247848537
365,0.7986230636833046,0.7796901893287436,0.6798623063683304
366,0.7900172117039587,0.7624784853700516,0.6609294320137694
367,0.7521514629948365,0.7590361445783133,0.7005163511187608
368,0.8055077452667814,0.7865748709122203,0.7074010327022375
369,0.8209982788296041,0.7917383820998278,0.6987951807228916
370,0.7969018932874354,0.8003442340791739,0.6919104991394148
371,0.7882960413080895,0.7487091222030982,0.7142857142857143
372,0.7710843373493976,0.7693631669535284,0.6901893287435457
373,0.7831325301204819,0.7917383820998278,0.6953528399311532
374,0.7676419965576592,0.7917383820998278,0.6987951807228916
375,0.7934595524956971,0.7641996557659209,0.7160068846815835
376,0.7607573149741824,0.7641996557659209,0.6815834767641996
377,0.8123924268502581,0.7710843373493976,0.6833046471600689
378,0.802065404475043,0.7934595524956971,0.7091222030981067
379,0.8141135972461274,0.8072289156626506,0.6901893287435457
380,0.7538726333907056,0.7728055077452668,0.7332185886402753
381,0.8158347676419966,0.7969018932874354,0.6919104991394148
382,0.8158347676419966,0.7882960413080895,0.7263339070567987
383,0.7986230636833046,0.8141135972461274,0.7005163511187608
384,0.8261617900172117,0.8209982788296041,0.7074010327022375
385,0.802065404475043,0.7779690189328744,0.6712564543889845
386,0.7900172117039587,0.7487091222030982,0.7039586919104991
387,0.7900172117039587,0.8003442340791739,0.7005163511187608
388,0.7934595524956971,0.7452667814113597,0.7074010327022375
389,0.7900172117039587,0.7814113597246127,0.693631669535284
390,0.7951807228915663,0.7779690189328744,0.6695352839931153
391,0.7848537005163512,0.7882960413080895,0.693631669535284
392,0.8175559380378657,0.7969018932874354,0.7314974182444062
393,0.7762478485370051,0.7710843373493976,0.7022375215146299
394,0.7865748709122203,0.7538726333907056,0.693631669535284
395,0.7831325301204819,0.7693631669535284,0.7263339070567987
396,0.810671256454389,0.7917383820998278,0.7091222030981067
397,0.7814113597246127,0.7710843373493976,0.685025817555938
398,0.8089500860585198,0.7796901893287436,0.7125645438898451
399,0.7848537005163512,0.7728055077452668,0.7022375215146299
400,0.7710843373493976,0.7676419965576592,0.693631669535284
401,0.7917383820998278,0.7762478485370051,0.6970740103270223
402,0.8003442340791739,0.7951807228915663,0.6987951807228916
403,0.7796901893287436,0.7332185886402753,0.6833046471600689
404,0.7831325301204819,0.76592082616179,0.6626506024096386
405,0.7796901893287436,0.7693631669535284,0.6919104991394148
406,0.8003442340791739,0.8003442340791739,0.6970740103270223
407,0.8072289156626506,0.7951807228915663,0.6884681583476764
408,0.7762478485370051,0.7762478485370051,0.6798623063683304
409,0.7986230636833046,0.7676419965576592,0.7194492254733219
410,0.7865748709122203,0.7796901893287436,0.7056798623063684
411,0.8089500860585198,0.7831325301204819,0.693631669535284
412,0.8003442340791739,0.774526678141136,0.6919104991394148
413,0.7762478485370051,0.7831325301204819,0.6695352839931153
414,0.7917383820998278,0.7900172117039587,0.685025817555938
415,0.7865748709122203,0.7917383820998278,0.7074010327022375
416,0.7710843373493976,0.7418244406196214,0.6678141135972461
417,0.7969018932874354,0.7848537005163512,0.6746987951807228
418,0.802065404475043,0.7934595524956971,0.6626506024096386
419,0.7607573149741824,0.7728055077452668,0.7091222030981067
420,0.8158347676419966,0.7555938037865749,0.6867469879518072
421,0.7779690189328744,0.802065404475043,0.6609294320137694
422,0.802065404475043,0.7969018932874354,0.7332185886402753
423,0.7986230636833046,0.7762478485370051,0.7056798623063684
424,0.8123924268502581,0.7762478485370051,0.6798623063683304
425,0.7831325301204819,0.7814113597246127,0.6970740103270223
426,0.7814113597246127,0.7882960413080895,0.7160068846815835
427,0.8003442340791739,0.8003442340791739,0.7160068846815835
428,0.8072289156626506,0.7831325301204819,0.6678141135972461
429,0.7951807228915663,0.7796901893287436,0.7211703958691911
430,0.7831325301204819,0.7607573149741824,0.6678141135972461
431,0.7693631669535284,0.8072289156626506,0.685025817555938
432,0.7951807228915663,0.7882960413080895,0.7280550774526678
433,0.7934595524956971,0.7710843373493976,0.6746987951807228
434,0.810671256454389,0.802065404475043,0.7194492254733219
435,0.7762478485370051,0.7882960413080895,0.7125645438898451
436,0.8037865748709122,0.7728055077452668,0.7005163511187608
437,0.7865748709122203,0.7917383820998278,0.7142857142857143
438,0.8192771084337349,0.802065404475043,0.7039586919104991
439,0.7831325301204819,0.7728055077452668,0.693631669535284
440,0.8003442340791739,0.7917383820998278,0.7056798623063684
441,0.8158347676419966,0.7882960413080895,0.6884681583476764
442,0.7814113597246127,0.7641996557659209,0.6833046471600689
443,0.7641996557659209,0.7607573149741824,0.6833046471600689
444,0.810671256454389,0.774526678141136,0.7125645438898451
445,0.7934595524956971,0.7917383820998278,0.6970740103270223
446,0.8296041308089501,0.8072289156626506,0.7160068846815835
447,0.8072289156626506,0.7917383820998278,0.6919104991394148
448,0.7900172117039587,0.7951807228915663,0.7246127366609294
449,0.8158347676419966,0.802065404475043,0.7228915662650602
450,0.8072289156626506,0.7831325301204819,0.7056798623063684
451,0.802065404475043,0.7865748709122203,0.6987951807228916
452,0.7848537005163512,0.774526678141136,0.6901893287435457
453,0.8209982788296041,0.7710843373493976,0.7108433734939759
454,0.7831325301204819,0.7986230636833046,0.7039586919104991
455,0.7676419965576592,0.7469879518072289,0.6833046471600689
456,0.8089500860585198,0.7728055077452668,0.6884681583476764
457,0.7831325301204819,0.7848537005163512,0.6678141135972461
458,0.8158347676419966,0.8003442340791739,0.7125645438898451
459,0.7728055077452668,0.7641996557659209,0.6867469879518072
460,0.7779690189328744,0.7573149741824441,0.685025817555938
461,0.8158347676419966,0.76592082616179,0.6867469879518072
462,0.8123924268502581,0.7900172117039587,0.6815834767641996
463,0.8003442340791739,0.8037865748709122,0.693631669535284
464,0.810671256454389,0.7882960413080895,0.7246127366609294
465,0.7951807228915663,0.7796901893287436,0.7091222030981067
466,0.8003442340791739,0.7969018932874354,0.6815834767641996
467,0.8192771084337349,0.7693631669535284,0.7022375215146299
468,0.7831325301204819,0.7538726333907056,0.6987951807228916
469,0.8123924268502581,0.8192771084337349,0.7074010327022375
470,0.7865748709122203,0.7624784853700516,0.7074010327022375
471,0.7641996557659209,0.774526678141136,0.6798623063683304
472,0.7969018932874354,0.7882960413080895,0.7074010327022375
473,0.8037865748709122,0.7831325301204819,0.685025817555938
474,0.7710843373493976,0.7624784853700516,0.6919104991394148
475,0.8158347676419966,0.7624784853700516,0.6764199655765921
476,0.8089500860585198,0.7624784853700516,0.6815834767641996
477,0.8055077452667814,0.7779690189328744,0.7074010327022375
478,0.7693631669535284,0.7814113597246127,0.6815834767641996
479,0.7882960413080895,0.76592082616179,0.6901893287435457
480,0.8175559380378657,0.7882960413080895,0.693631669535284
481,0.7796901893287436,0.7383820998278829,0.6815834767641996
482,0.774526678141136,0.7469879518072289,0.6729776247848537
483,0.7917383820998278,0.7728055077452668,0.7246127366609294
484,0.8123924268502581,0.7900172117039587,0.693631669535284
485,0.7969018932874354,0.7676419965576592,0.7125645438898451
486,0.8037865748709122,0.76592082616179,0.6833046471600689
487,0.8055077452667814,0.7951807228915663,0.6592082616179001
488,0.7900172117039587,0.7676419965576592,0.6987951807228916
489,0.8072289156626506,0.7848537005163512,0.7039586919104991
490,0.7917383820998278,0.7676419965576592,0.7280550774526678
491,0.8089500860585198,0.774526678141136,0.693631669535284
492,0.7986230636833046,0.7710843373493976,0.7022375215146299
493,0.8364888123924269,0.8141135972461274,0.7125645438898451
494,0.8141135972461274,0.810671256454389,0.7125645438898451
495,0.8244406196213425,0.7969018932874354,0.7177280550774526
496,0.8227194492254734,0.7865748709122203,0.7228915662650602
497,0.8072289156626506,0.7762478485370051,0.7039586919104991
498,0.802065404475043,0.7831325301204819,0.685025817555938
499,0.8399311531841652,0.810671256454389,0.729776247848537
500,0.8382099827882961,0.7917383820998278,0.7349397590361446
501,0.8123924268502581,0.8003442340791739,0.7142857142857143
502,0.8175559380378657,0.7796901893287436,0.6953528399311532
503,0.8089500860585198,0.7779690189328744,0.7125645438898451
504,0.7969018932874354,0.76592082616179,0.6884681583476764
505,0.8244406196213425,0.7986230636833046,0.7160068846815835
506,0.8244406196213425,0.7900172117039587,0.6970740103270223
507,0.8055077452667814,0.7900172117039587,0.7108433734939759
508,0.8192771084337349,0.7969018932874354,0.6781411359724613
509,0.8209982788296041,0.774526678141136,0.7091222030981067
510,0.8089500860585198,0.7590361445783133,0.6781411359724613
511,0.8123924268502581,0.7986230636833046,0.7005163511187608
512,0.7762478485370051,0.7607573149741824,0.7091222030981067
513,0.7831325301204819,0.7917383820998278,0.6643717728055077
514,0.8158347676419966,0.7986230636833046,0.6764199655765921
515,0.8037865748709122,0.7779690189328744,0.6798623063683304
516,0.7796901893287436,0.7469879518072289,0.6695352839931153
517,0.8037865748709122,0.8141135972461274,0.7074010327022375
518,0.8037865748709122,0.8037865748709122,0.7211703958691911
519,0.810671256454389,0.76592082616179,0.6764199655765921
520,0.8485370051635112,0.810671256454389,0.693631669535284
521,0.8209982788296041,0.7969018932874354,0.6987951807228916
522,0.7951807228915663,0.7831325301204819,0.685025817555938
523,0.8382099827882961,0.8278829604130808,0.7108433734939759
524,0.7986230636833046,0.7917383820998278,0.7022375215146299
525,0.8055077452667814,0.7831325301204819,0.7142857142857143
526,0.8227194492254734,0.8003442340791739,0.7246127366609294
527,0.8141135972461274,0.810671256454389,0.7125645438898451
528,0.8003442340791739,0.7590361445783133,0.6798623063683304
529,0.7986230636833046,0.7710843373493976,0.6798623063683304
530,0.7900172117039587,0.7607573149741824,0.685025817555938
531,0.810671256454389,0.7779690189328744,0.7108433734939759
532,0.810671256454389,0.7865748709122203,0.6970740103270223
533,0.8192771084337349,0.7693631669535284,0.6919104991394148
534,0.8037865748709122,0.7538726333907056,0.6660929432013769
535,0.7814113597246127,0.7573149741824441,0.6643717728055077
536,0.8313253012048193,0.8141135972461274,0.7022375215146299
537,0.8175559380378657,0.7882960413080895,0.6884681583476764
538,0.8192771084337349,0.7814113597246127,0.6970740103270223
539,0.8037865748709122,0.7986230636833046,0.6833046471600689
540,0.8209982788296041,0.7986230636833046,0.7108433734939759
541,0.8003442340791739,0.7728055077452668,0.6678141135972461
542,0.7779690189328744,0.7693631669535284,0.6729776247848537
543,0.8055077452667814,0.7814113597246127,0.693631669535284
544,0.7969018932874354,0.7504302925989673,0.648881239242685
545,0.8123924268502581,0.7831325301204819,0.7022375215146299
546,0.8158347676419966,0.7969018932874354,0.7504302925989673
547,0.8175559380378657,0.8158347676419966,0.685025817555938
548,0.8175559380378657,0.7969018932874354,0.7177280550774526
549,0.7900172117039587,0.7573149741824441,0.6678141135972461
550,0.7969018932874354,0.7624784853700516,0.6901893287435457
551,0.8055077452667814,0.7710843373493976,0.6970740103270223
552,0.7986230636833046,0.7831325301204819,0.7022375215146299
553,0.8244406196213425,0.7814113597246127,0.7108433734939759
554,0.8175559380378657,0.7934595524956971,0.7160068846815835
555,0.8141135972461274,0.7917383820998278,0.6815834767641996
556,0.8175559380378657,0.7831325301204819,0.6953528399311532
557,0.7607573149741824,0.7590361445783133,0.6695352839931153
558,0.7986230636833046,0.802065404475043,0.7005163511187608
559,0.8227194492254734,0.7917383820998278,0.685025817555938
560,0.8089500860585198,0.7728055077452668,0.7022375215146299
561,0.8313253012048193,0.7814113597246127,0.7160068846815835
562,0.810671256454389,0.8003442340791739,0.7177280550774526
563,0.8123924268502581,0.7917383820998278,0.7022375215146299
564,0.8485370051635112,0.810671256454389,0.7160068846815835
565,0.810671256454389,0.7934595524956971,0.6764199655765921
566,0.8209982788296041,0.7917383820998278,0.6867469879518072
567,0.8123924268502581,0.7986230636833046,0.7039586919104991
568,0.8433734939759037,0.8123924268502581,0.7246127366609294
569,0.8554216867469879,0.8192771084337349,0.7005163511187608
570,0.7969018932874354,0.7624784853700516,0.6626506024096386
571,0.810671256454389,0.7986230636833046,0.7211703958691911
572,0.8244406196213425,0.8072289156626506,0.685025817555938
573,0.802065404475043,0.7934595524956971,0.6557659208261618
574,0.8209982788296041,0.8003442340791739,0.6867469879518072
575,0.8244406196213425,0.8072289156626506,0.693631669535284
576,0.8192771084337349,0.8003442340791739,0.7280550774526678
577,0.810671256454389,0.7779690189328744,0.693631669535284
578,0.8244406196213425,0.8141135972461274,0.7022375215146299
579,0.8089500860585198,0.7814113597246127,0.6919104991394148
580,0.8192771084337349,0.7693631669535284,0.6660929432013769
581,0.8347676419965576,0.802065404475043,0.6764199655765921
582,0.8399311531841652,0.8037865748709122,0.7022375215146299
583,0.8278829604130808,0.7796901893287436,0.6884681583476764
584,0.8089500860585198,0.774526678141136,0.6970740103270223
585,0.8399311531841652,0.7969018932874354,0.729776247848537
586,0.8296041308089501,0.7865748709122203,0.76592082616179
587,0.8089500860585198,0.7882960413080895,0.6970740103270223
588,0.8330464716006885,0.7934595524956971,0.7074010327022375
589,0.8003442340791739,0.7607573149741824,0.6798623063683304
590,0.8123924268502581,0.7693631669535284,0.7228915662650602
591,0.8313253012048193,0.8261617900172117,0.7125645438898451
592,0.8141135972461274,0.7555938037865749,0.7074010327022375
593,0.8278829604130808,0.8037865748709122,0.6987951807228916
594,0.8175559380378657,0.8227194492254734,0.7005163511187608
595,0.8089500860585198,0.8037865748709122,0.6626506024096386
596,0.8072289156626506,0.8123924268502581,0.7005163511187608
597,0.7865748709122203,0.7796901893287436,0.729776247848537
598,0.7969018932874354,0.7538726333907056,0.7160068846815835
599,0.8313253012048193,0.8141135972461274,0.7160068846815835
600,0.8485370051635112,0.7814113597246127,0.7160068846815835
601,0.810671256454389,0.8123924268502581,0.7005163511187608
602,0.8347676419965576,0.7917383820998278,0.6987951807228916
603,0.7969018932874354,0.7728055077452668,0.6953528399311532
604,0.8123924268502581,0.7917383820998278,0.6626506024096386
605,0.8261617900172117,0.8037865748709122,0.6815834767641996
606,0.8192771084337349,0.8158347676419966,0.685025817555938
607,0.8278829604130808,0.7969018932874354,0.7074010327022375
608,0.8244406196213425,0.7951807228915663,0.6884681583476764
609,0.8192771084337349,0.7848537005163512,0.6781411359724613
610,0.8261617900172117,0.8003442340791739,0.6746987951807228
611,0.7710843373493976,0.7641996557659209,0.6557659208261618
612,0.7900172117039587,0.7401032702237521,0.6833046471600689
613,0.8244406196213425,0.7986230636833046,0.6712564543889845
614,0.7986230636833046,0.7762478485370051,0.7074010327022375
615,0.8261617900172117,0.7969018932874354,0.7056798623063684
616,0.8347676419965576,0.8072289156626506,0.6987951807228916
617,0.8055077452667814,0.76592082616179,0.7039586919104991
618,0.8347676419965576,0.802065404475043,0.7263339070567987
619,0.8244406196213425,0.7848537005163512,0.7005163511187608
620,0.7934595524956971,0.7779690189328744,0.6953528399311532
621,0.8261617900172117,0.8072289156626506,0.685025817555938
622,0.8261617900172117,0.7934595524956971,0.6970740103270223
623,0.8037865748709122,0.7676419965576592,0.6867469879518072
624,0.8588640275387264,0.8278829604130808,0.7074010327022375
625,0.8296041308089501,0.8055077452667814,0.6833046471600689
626,0.810671256454389,0.7624784853700516,0.6764199655765921
627,0.8072289156626506,0.7831325301204819,0.6764199655765921
628,0.8175559380378657,0.774526678141136,0.7160068846815835
629,0.8330464716006885,0.8003442340791739,0.6867469879518072
630,0.8089500860585198,0.7969018932874354,0.7418244406196214
631,0.810671256454389,0.802065404475043,0.6815834767641996
632,0.7814113597246127,0.774526678141136,0.693631669535284
633,0.802065404475043,0.76592082616179,0.7056798623063684
634,0.8296041308089501,0.7969018932874354,0.7160068846815835
635,0.8141135972461274,0.7762478485370051,0.685025817555938
636,0.8192771084337349,0.7917383820998278,0.7056798623063684
637,0.8450946643717728,0.8072289156626506,0.7280550774526678
638,0.8244406196213425,0.7865748709122203,0.7022375215146299
639,0.7951807228915663,0.7779690189328744,0.685025817555938
640,0.8003442340791739,0.7900172117039587,0.6867469879518072
641,0.8227194492254734,0.7865748709122203,0.685025817555938
642,0.8347676419965576,0.7848537005163512,0.6815834767641996
643,0.8175559380378657,0.8072289156626506,0.6953528399311532
644,0.8089500860585198,0.7641996557659209,0.7142857142857143
645,0.8227194492254734,0.7676419965576592,0.7108433734939759
646,0.7882960413080895,0.7693631669535284,0.6678141135972461
647,0.8123924268502581,0.7882960413080895,0.6678141135972461
648,0.8330464716006885,0.8123924268502581,0.6764199655765921
649,0.8399311531841652,0.7900172117039587,0.6867469879518072
650,0.810671256454389,0.7607573149741824,0.7228915662650602
651,0.8227194492254734,0.7951807228915663,0.7056798623063684
652,0.810671256454389,0.774526678141136,0.6712564543889845
653,0.7986230636833046,0.7796901893287436,0.6695352839931153
654,0.8330464716006885,0.7986230636833046,0.7022375215146299
655,0.8296041308089501,0.8123924268502581,0.7074010327022375
656,0.8278829604130808,0.7814113597246127,0.693631669535284
657,0.8278829604130808,0.7934595524956971,0.6970740103270223
658,0.8192771084337349,0.7865748709122203,0.7039586919104991
659,0.7934595524956971,0.7710843373493976,0.7194492254733219
660,0.8502581755593803,0.8003442340791739,0.7211703958691911
661,0.8055077452667814,0.7676419965576592,0.6609294320137694
662,0.8072289156626506,0.7779690189328744,0.7142857142857143
663,0.8192771084337349,0.7900172117039587,0.6833046471600689
664,0.7779690189328744,0.76592082616179,0.6919104991394148
665,0.7969018932874354,0.7865748709122203,0.6970740103270223
666,0.8433734939759037,0.8141135972461274,0.6901893287435457
667,0.8278829604130808,0.8003442340791739,0.7091222030981067
668,0.7848537005163512,0.7590361445783133,0.6781411359724613
669,0.8347676419965576,0.8003442340791739,0.6833046471600689
670,0.810671256454389,0.802065404475043,0.6815834767641996
671,0.802065404475043,0.7900172117039587,0.7074010327022375
672,0.8227194492254734,0.8037865748709122,0.7211703958691911
673,0.8158347676419966,0.7831325301204819,0.7074010327022375
674,0.8244406196213425,0.8192771084337349,0.6953528399311532
675,0.8450946643717728,0.8209982788296041,0.685025817555938
676,0.8072289156626506,0.7969018932874354,0.6764199655765921
677,0.8416523235800344,0.7831325301204819,0.7280550774526678
678,0.7900172117039587,0.7969018932874354,0.6678141135972461
679,0.8227194492254734,0.7969018932874354,0.6729776247848537
680,0.810671256454389,0.7710843373493976,0.7039586919104991
681,0.8278829604130808,0.8037865748709122,0.7125645438898451
682,0.8313253012048193,0.8158347676419966,0.7005163511187608
683,0.8399311531841652,0.8072289156626506,0.7228915662650602
684,0.8227194492254734,0.8055077452667814,0.6764199655765921
685,0.8554216867469879,0.8244406196213425,0.729776247848537
686,0.8261617900172117,0.7986230636833046,0.6901893287435457
687,0.8141135972461274,0.7934595524956971,0.7108433734939759
688,0.846815834767642,0.8209982788296041,0.6815834767641996
689,0.8055077452667814,0.7435456110154905,0.7056798623063684
690,0.8278829604130808,0.7900172117039587,0.6592082616179001
691,0.8158347676419966,0.7951807228915663,0.6815834767641996
692,0.7900172117039587,0.774526678141136,0.6884681583476764
693,0.8003442340791739,0.7728055077452668,0.7039586919104991
694,0.8227194492254734,0.802065404475043,0.7039586919104991
695,0.7882960413080895,0.7762478485370051,0.6712564543889845
696,0.8123924268502581,0.7831325301204819,0.6781411359724613
697,0.7951807228915663,0.7917383820998278,0.693631669535284
698,0.8141135972461274,0.7796901893287436,0.7074010327022375
699,0.8158347676419966,0.8055077452667814,0.6884681583476764
700,0.8364888123924269,0.7882960413080895,0.685025817555938
701,0.8330464716006885,0.8158347676419966,0.6970740103270223
702,0.8227194492254734,0.7969018932874354,0.6953528399311532
703,0.7986230636833046,0.7969018932874354,0.6660929432013769
704,0.8502581755593803,0.7986230636833046,0.7039586919104991
705,0.8261617900172117,0.810671256454389,0.7263339070567987
706,0.8175559380378657,0.7986230636833046,0.6833046471600689
707,0.8347676419965576,0.7951807228915663,0.6953528399311532
708,0.8261617900172117,0.8037865748709122,0.6867469879518072
709,0.8072289156626506,0.8072289156626506,0.7056798623063684
710,0.8158347676419966,0.802065404475043,0.6970740103270223
711,0.846815834767642,0.8123924268502581,0.7366609294320138
712,0.8089500860585198,0.7693631669535284,0.6953528399311532
713,0.8175559380378657,0.7814113597246127,0.6970740103270223
714,0.8313253012048193,0.8175559380378657,0.6833046471600689
715,0.8261617900172117,0.8037865748709122,0.6901893287435457
716,0.8313253012048193,0.8141135972461274,0.685025817555938
717,0.8296041308089501,0.8123924268502581,0.6970740103270223
718,0.8227194492254734,0.7831325301204819,0.7108433734939759
719,0.8278829604130808,0.8037865748709122,0.6815834767641996
720,0.810671256454389,0.8123924268502581,0.7074010327022375
721,0.8192771084337349,0.7641996557659209,0.693631669535284
722,0.8554216867469879,0.8244406196213425,0.6867469879518072
723,0.8123924268502581,0.7934595524956971,0.6660929432013769
724,0.8244406196213425,0.810671256454389,0.6970740103270223
725,0.8158347676419966,0.7848537005163512,0.6506024096385542
726,0.8364888123924269,0.8141135972461274,0.7108433734939759
727,0.8296041308089501,0.774526678141136,0.6833046471600689
728,0.8296041308089501,0.7986230636833046,0.6833046471600689
729,0.8450946643717728,0.8141135972461274,0.7091222030981067
730,0.8037865748709122,0.7882960413080895,0.6695352839931153
731,0.8227194492254734,0.7865748709122203,0.7263339070567987
732,0.8261617900172117,0.8037865748709122,0.6884681583476764
733,0.8571428571428571,0.8089500860585198,0.7056798623063684
734,0.8296041308089501,0.7934595524956971,0.7401032702237521
735,0.8313253012048193,0.7831325301204819,0.7091222030981067
736,0.8278829604130808,0.7951807228915663,0.6987951807228916
737,0.8296041308089501,0.8209982788296041,0.6970740103270223
738,0.8364888123924269,0.7865748709122203,0.7005163511187608
739,0.8485370051635112,0.802065404475043,0.7160068846815835
740,0.8192771084337349,0.7917383820998278,0.6815834767641996
741,0.846815834767642,0.8364888123924269,0.7005163511187608
742,0.8296041308089501,0.7917383820998278,0.7280550774526678
743,0.8347676419965576,0.7951807228915663,0.6901893287435457
744,0.8347676419965576,0.8072289156626506,0.7108433734939759
745,0.8416523235800344,0.8192771084337349,0.7452667814113597
746,0.8502581755593803,0.8055077452667814,0.7194492254733219
747,0.8209982788296041,0.7796901893287436,0.693631669535284
748,0.8537005163511188,0.802065404475043,0.6815834767641996
749,0.802065404475043,0.7951807228915663,0.7005163511187608
750,0.7882960413080895,0.7762478485370051,0.6695352839931153
751,0.8175559380378657,0.7882960413080895,0.6987951807228916
752,0.8175559380378657,0.8003442340791739,0.6678141135972461
753,0.8399311531841652,0.7986230636833046,0.6970740103270223
754,0.8244406196213425,0.802065404475043,0.6833046471600689
755,0.8519793459552496,0.8192771084337349,0.7349397590361446
756,0.8227194492254734,0.7865748709122203,0.6643717728055077
757,0.8605851979345955,0.8347676419965576,0.729776247848537
758,0.8227194492254734,0.7986230636833046,0.7194492254733219
759,0.8227194492254734,0.7779690189328744,0.6867469879518072
760,0.8313253012048193,0.8003442340791739,0.7056798623063684
761,0.8278829604130808,0.774526678141136,0.7074010327022375
762,0.8072289156626506,0.7917383820998278,0.693631669535284
763,0.8364888123924269,0.8158347676419966,0.7177280550774526
764,0.8347676419965576,0.7934595524956971,0.7005163511187608
765,0.810671256454389,0.7917383820998278,0.6867469879518072
766,0.8416523235800344,0.8244406196213425,0.7005163511187608
767,0.8433734939759037,0.8175559380378657,0.7194492254733219
768,0.810671256454389,0.8227194492254734,0.6919104991394148
769,0.8209982788296041,0.7882960413080895,0.7108433734939759
770,0.8330464716006885,0.8089500860585198,0.7091222030981067
771,0.8485370051635112,0.8055077452667814,0.7005163511187608
772,0.8037865748709122,0.7934595524956971,0.7091222030981067
773,0.8141135972461274,0.7831325301204819,0.6901893287435457
774,0.8433734939759037,0.8244406196213425,0.7366609294320138
775,0.8209982788296041,0.8227194492254734,0.7125645438898451
776,0.8244406196213425,0.8192771084337349,0.7022375215146299
777,0.8141135972461274,0.8141135972461274,0.6970740103270223
778,0.8227194492254734,0.7951807228915663,0.7142857142857143
779,0.8382099827882961,0.7917383820998278,0.7314974182444062
780,0.8244406196213425,0.8296041308089501,0.7056798623063684
781,0.8261617900172117,0.8209982788296041,0.7142857142857143
782,0.8347676419965576,0.7917383820998278,0.6901893287435457
783,0.8364888123924269,0.8175559380378657,0.7125645438898451
784,0.8382099827882961,0.8192771084337349,0.693631669535284
785,0.8347676419965576,0.8175559380378657,0.6643717728055077
786,0.8709122203098106,0.8485370051635112,0.7246127366609294
787,0.7934595524956971,0.8055077452667814,0.6695352839931153
788,0.846815834767642,0.8037865748709122,0.7246127366609294
789,0.8175559380378657,0.8037865748709122,0.6454388984509466
790,0.8123924268502581,0.8123924268502581,0.6867469879518072
791,0.8141135972461274,0.7900172117039587,0.7211703958691911
792,0.8347676419965576,0.7814113597246127,0.6695352839931153
793,0.8537005163511188,0.8313253012048193,0.693631669535284
794,0.8055077452667814,0.7814113597246127,0.6746987951807228
795,0.8537005163511188,0.8261617900172117,0.7263339070567987
796,0.8141135972461274,0.7934595524956971,0.7246127366609294
797,0.8209982788296041,0.8003442340791739,0.7005163511187608
798,0.7865748709122203,0.7693631669535284,0.6970740103270223
799,0.8605851979345955,0.8192771084337349,0.7108433734939759
800,0.8399311531841652,0.7641996557659209,0.7142857142857143
801,0.8519793459552496,0.8313253012048193,0.7366609294320138
802,0.8313253012048193,0.7762478485370051,0.7108433734939759
803,0.8072289156626506,0.8123924268502581,0.7005163511187608
804,0.8244406196213425,0.7951807228915663,0.6712564543889845
805,0.8399311531841652,0.7831325301204819,0.7469879518072289
806,0.8399311531841652,0.8347676419965576,0.6764199655765921
807,0.8175559380378657,0.7917383820998278,0.6901893287435457
808,0.8141135972461274,0.8003442340791739,0.6833046471600689
809,0.8278829604130808,0.8158347676419966,0.7005163511187608
810,0.8330464716006885,0.7969018932874354,0.7108433734939759
811,0.8123924268502581,0.7624784853700516,0.6919104991394148
812,0.8364888123924269,0.7969018932874354,0.6729776247848537
813,0.8278829604130808,0.8003442340791739,0.6884681583476764
814,0.8330464716006885,0.7882960413080895,0.685025817555938
815,0.8433734939759037,0.7986230636833046,0.7228915662650602
816,0.8519793459552496,0.7814113597246127,0.7022375215146299
817,0.8192771084337349,0.7779690189328744,0.6626506024096386
818,0.8037865748709122,0.7831325301204819,0.6833046471600689
819,0.8433734939759037,0.7934595524956971,0.7349397590361446
820,0.8313253012048193,0.7779690189328744,0.6764199655765921
821,0.810671256454389,0.7900172117039587,0.6729776247848537
822,0.8227194492254734,0.8175559380378657,0.7091222030981067
823,0.8640275387263339,0.8278829604130808,0.7108433734939759
824,0.8209982788296041,0.7900172117039587,0.6970740103270223
825,0.8330464716006885,0.802065404475043,0.6901893287435457
826,0.8175559380378657,0.8055077452667814,0.7263339070567987
827,0.8347676419965576,0.8055077452667814,0.6884681583476764
828,0.8227194492254734,0.802065404475043,0.6953528399311532
829,0.8244406196213425,0.7779690189328744,0.6987951807228916
830,0.8485370051635112,0.8175559380378657,0.7401032702237521
831,0.8123924268502581,0.8072289156626506,0.6884681583476764
832,0.8037865748709122,0.8123924268502581,0.6953528399311532
833,0.8347676419965576,0.8141135972461274,0.7194492254733219
834,0.8055077452667814,0.7728055077452668,0.7228915662650602
835,0.802065404475043,0.7814113597246127,0.6833046471600689
836,0.8192771084337349,0.810671256454389,0.7005163511187608
837,0.8227194492254734,0.8175559380378657,0.7091222030981067
838,0.846815834767642,0.8158347676419966,0.6643717728055077
839,0.8141135972461274,0.7814113597246127,0.693631669535284
840,0.8347676419965576,0.8209982788296041,0.7005163511187608
841,0.8399311531841652,0.8278829604130808,0.6695352839931153
842,0.8399311531841652,0.7848537005163512,0.6815834767641996
843,0.8347676419965576,0.8399311531841652,0.7194492254733219
844,0.8450946643717728,0.8330464716006885,0.7177280550774526
845,0.8519793459552496,0.8055077452667814,0.7005163511187608
846,0.8003442340791739,0.7934595524956971,0.7005163511187608
847,0.8433734939759037,0.810671256454389,0.7194492254733219
848,0.8364888123924269,0.8192771084337349,0.7314974182444062
849,0.8382099827882961,0.7882960413080895,0.7263339070567987
850,0.8244406196213425,0.774526678141136,0.6884681583476764
851,0.8623063683304647,0.8313253012048193,0.7228915662650602
852,0.8399311531841652,0.8055077452667814,0.6884681583476764
853,0.8261617900172117,0.810671256454389,0.6884681583476764
854,0.8347676419965576,0.8089500860585198,0.7418244406196214
855,0.8330464716006885,0.8209982788296041,0.6746987951807228
856,0.8330464716006885,0.8278829604130808,0.7022375215146299
857,0.8485370051635112,0.8055077452667814,0.7177280550774526
858,0.8502581755593803,0.7934595524956971,0.7177280550774526
859,0.8399311531841652,0.8072289156626506,0.685025817555938
860,0.7676419965576592,0.7848537005163512,0.6557659208261618
861,0.846815834767642,0.8433734939759037,0.7366609294320138
862,0.8296041308089501,0.7951807228915663,0.685025817555938
863,0.8433734939759037,0.7969018932874354,0.7091222030981067
864,0.810671256454389,0.8192771084337349,0.685025817555938
865,0.8485370051635112,0.8123924268502581,0.6660929432013769
866,0.8209982788296041,0.7693631669535284,0.7005163511187608
867,0.810671256454389,0.7951807228915663,0.6884681583476764
868,0.8502581755593803,0.8158347676419966,0.693631669535284
869,0.8158347676419966,0.7934595524956971,0.6833046471600689
870,0.8382099827882961,0.8158347676419966,0.7160068846815835
871,0.8433734939759037,0.8123924268502581,0.7142857142857143
872,0.8502581755593803,0.8141135972461274,0.6987951807228916
873,0.8244406196213425,0.8123924268502581,0.7039586919104991
874,0.8123924268502581,0.7969018932874354,0.7160068846815835
875,0.8605851979345955,0.8433734939759037,0.7091222030981067
876,0.8209982788296041,0.8055077452667814,0.6970740103270223
877,0.8382099827882961,0.7934595524956971,0.6970740103270223
878,0.8261617900172117,0.7917383820998278,0.6953528399311532
879,0.8261617900172117,0.8003442340791739,0.6746987951807228
880,0.8158347676419966,0.8072289156626506,0.6953528399311532
881,0.8502581755593803,0.8175559380378657,0.7332185886402753
882,0.8330464716006885,0.8278829604130808,0.6953528399311532
883,0.8709122203098106,0.8227194492254734,0.7349397590361446
884,0.8416523235800344,0.8072289156626506,0.657487091222031
885,0.846815834767642,0.8433734939759037,0.685025817555938
886,0.8227194492254734,0.7900172117039587,0.7246127366609294
887,0.8399311531841652,0.7865748709122203,0.7005163511187608
888,0.8209982788296041,0.802065404475043,0.685025817555938
889,0.8003442340791739,0.7900172117039587,0.7022375215146299
890,0.8364888123924269,0.8192771084337349,0.693631669535284
891,0.8364888123924269,0.810671256454389,0.6695352839931153
892,0.8450946643717728,0.8003442340791739,0.6626506024096386
893,0.8330464716006885,0.8055077452667814,0.6901893287435457
894,0.8261617900172117,0.7814113597246127,0.7074010327022375
895,0.8192771084337349,0.810671256454389,0.7091222030981067
896,0.8554216867469879,0.8244406196213425,0.729776247848537
897,0.8399311531841652,0.7900172117039587,0.6987951807228916
898,0.8571428571428571,0.810671256454389,0.6798623063683304
899,0.8519793459552496,0.8141135972461274,0.685025817555938
900,0.8364888123924269,0.802065404475043,0.6557659208261618
901,0.8864027538726333,0.8554216867469879,0.7211703958691911
902,0.8502581755593803,0.8244406196213425,0.7401032702237521
903,0.8416523235800344,0.8072289156626506,0.693631669535284
904,0.8278829604130808,0.7969018932874354,0.7314974182444062
905,0.8192771084337349,0.8278829604130808,0.6901893287435457
906,0.8123924268502581,0.8003442340791739,0.7039586919104991
907,0.8261617900172117,0.7917383820998278,0.6764199655765921
908,0.846815834767642,0.8037865748709122,0.6901893287435457
909,0.8227194492254734,0.8209982788296041,0.6746987951807228
910,0.8037865748709122,0.7900172117039587,0.7005163511187608
911,0.8209982788296041,0.7848537005163512,0.6970740103270223
912,0.8416523235800344,0.7814113597246127,0.6884681583476764
913,0.8709122203098106,0.8313253012048193,0.6867469879518072
914,0.8192771084337349,0.7986230636833046,0.7177280550774526
915,0.8519793459552496,0.8072289156626506,0.7383820998278829
916,0.8347676419965576,0.8123924268502581,0.7332185886402753
917,0.8089500860585198,0.7917383820998278,0.6764199655765921
918,0.8192771084337349,0.8089500860585198,0.6746987951807228
919,0.8519793459552496,0.7951807228915663,0.6987951807228916
920,0.8209982788296041,0.7951807228915663,0.6781411359724613
921,0.8433734939759037,0.8278829604130808,0.7177280550774526
922,0.8450946643717728,0.8227194492254734,0.7039586919104991
923,0.8605851979345955,0.8244406196213425,0.6987951807228916
924,0.8382099827882961,0.7831325301204819,0.6987951807228916
925,0.8364888123924269,0.8296041308089501,0.7091222030981067
926,0.8502581755593803,0.7865748709122203,0.7108433734939759
927,0.8485370051635112,0.8158347676419966,0.6987951807228916
928,0.8278829604130808,0.7900172117039587,0.7005163511187608
929,0.8330464716006885,0.7779690189328744,0.6867469879518072
930,0.8141135972461274,0.7831325301204819,0.6833046471600689
931,0.8623063683304647,0.8450946643717728,0.7246127366609294
932,0.8399311531841652,0.8158347676419966,0.6901893287435457
933,0.8416523235800344,0.7917383820998278,0.6712564543889845
934,0.8399311531841652,0.7934595524956971,0.6660929432013769
935,0.8192771084337349,0.7728055077452668,0.6626506024096386
936,0.8433734939759037,0.7796901893287436,0.693631669535284
937,0.8450946643717728,0.8158347676419966,0.6781411359724613
938,0.8450946643717728,0.8003442340791739,0.7211703958691911
939,0.8364888123924269,0.810671256454389,0.693631669535284
940,0.8743545611015491,0.8296041308089501,0.6970740103270223
941,0.8382099827882961,0.7951807228915663,0.7022375215146299
942,0.846815834767642,0.8072289156626506,0.6953528399311532
943,0.8433734939759037,0.8209982788296041,0.7108433734939759
944,0.8364888123924269,0.8055077452667814,0.7228915662650602
945,0.8261617900172117,0.8364888123924269,0.6884681583476764
946,0.8175559380378657,0.7607573149741824,0.6643717728055077
947,0.8674698795180723,0.8209982788296041,0.7022375215146299
948,0.8416523235800344,0.8003442340791739,0.6953528399311532
949,0.8657487091222031,0.8261617900172117,0.729776247848537
950,0.8296041308089501,0.7934595524956971,0.6695352839931153
951,0.8485370051635112,0.7762478485370051,0.7074010327022375
952,0.8416523235800344,0.7934595524956971,0.7142857142857143
953,0.8347676419965576,0.8141135972461274,0.6953528399311532
954,0.8502581755593803,0.8313253012048193,0.6970740103270223
955,0.8691910499139415,0.7848537005163512,0.6953528399311532
956,0.8330464716006885,0.8123924268502581,0.6970740103270223
957,0.8330464716006885,0.8072289156626506,0.7194492254733219
958,0.8382099827882961,0.7986230636833046,0.7022375215146299
959,0.8244406196213425,0.8278829604130808,0.6901893287435457
960,0.8227194492254734,0.7728055077452668,0.7160068846815835
961,0.8485370051635112,0.8072289156626506,0.693631669535284
962,0.8330464716006885,0.8072289156626506,0.7314974182444062
963,0.8674698795180723,0.7951807228915663,0.6919104991394148
964,0.8382099827882961,0.7969018932874354,0.6953528399311532
965,0.7986230636833046,0.7796901893287436,0.6764199655765921
966,0.8364888123924269,0.802065404475043,0.6884681583476764
967,0.8330464716006885,0.8123924268502581,0.7056798623063684
968,0.8485370051635112,0.7848537005163512,0.6833046471600689
969,0.8382099827882961,0.8037865748709122,0.6953528399311532
970,0.8192771084337349,0.8209982788296041,0.6557659208261618
971,0.8244406196213425,0.7917383820998278,0.7039586919104991
972,0.8244406196213425,0.7831325301204819,0.6678141135972461
973,0.8502581755593803,0.8209982788296041,0.7005163511187608
974,0.8209982788296041,0.8244406196213425,0.6867469879518072
975,0.8089500860585198,0.8175559380378657,0.7005163511187608
976,0.8364888123924269,0.8072289156626506,0.7091222030981067
977,0.8674698795180723,0.8502581755593803,0.7263339070567987
978,0.810671256454389,0.8037865748709122,0.6987951807228916
979,0.8416523235800344,0.8037865748709122,0.6987951807228916
980,0.8588640275387264,0.8416523235800344,0.7142857142857143
981,0.8227194492254734,0.7831325301204819,0.6798623063683304
982,0.8313253012048193,0.810671256454389,0.7074010327022375
983,0.8296041308089501,0.7986230636833046,0.7332185886402753
984,0.8399311531841652,0.8141135972461274,0.6970740103270223
985,0.8278829604130808,0.8003442340791739,0.6678141135972461
986,0.8244406196213425,0.8209982788296041,0.6678141135972461
987,0.8330464716006885,0.8123924268502581,0.6798623063683304
988,0.8571428571428571,0.8296041308089501,0.7005163511187608
989,0.8364888123924269,0.8175559380378657,0.6798623063683304
990,0.8485370051635112,0.7951807228915663,0.693631669535284
991,0.8296041308089501,0.8072289156626506,0.6953528399311532
992,0.8347676419965576,0.7986230636833046,0.7108433734939759
993,0.8330464716006885,0.802065404475043,0.7246127366609294
994,0.8347676419965576,0.802065404475043,0.7022375215146299
995,0.846815834767642,0.8227194492254734,0.6815834767641996
996,0.8519793459552496,0.8072289156626506,0.6901893287435457
997,0.8537005163511188,0.8330464716006885,0.7177280550774526
998,0.8605851979345955,0.8244406196213425,0.7418244406196214
999,0.8364888123924269,0.8055077452667814,0.6919104991394148
